{
  "production_model": "logistic_regression",
  "threshold": 0.5030548253039488,
  "threshold_info": {
    "threshold": 0.5030548253039488,
    "strategy": "youden",
    "youden_j": 0.37780362220001723,
    "f1": 0.2644944896981313,
    "precision": 0.16394416394416395,
    "recall": 0.6840148698884758
  },
  "sample_size": 50000,
  "n_rows_used": 50000,
  "n_features": 140,
  "multi_table": false,
  "base_rate_test": 0.0807,
  "models": {
    "logistic_regression": {
      "name": "logistic_regression",
      "roc_auc": 0.7493059141626401,
      "pr_auc": 0.21174286272771503,
      "precision": 0.16394416394416395,
      "recall": 0.6840148698884758,
      "n_train": 40000,
      "n_test": 10000,
      "default_rate_train": 0.080725,
      "default_rate_test": 0.0807,
      "ranking": {
        "roc_auc": 0.7493059141626401,
        "pr_auc": 0.21174286272771503,
        "base_rate": 0.0807,
        "brier_score": 0.2022981278524292,
        "precision_at_top_1pct": 0.35,
        "lift_at_top_1pct": 4.337050805452293,
        "precision_at_top_5pct": 0.29,
        "lift_at_top_5pct": 3.5935563816604708,
        "precision_at_top_10pct": 0.257,
        "lift_at_top_10pct": 3.184634448574969,
        "precision_at_top_20pct": 0.1975,
        "lift_at_top_20pct": 2.4473358116480797
      },
      "operating_point": {
        "threshold": 0.5030548253039488,
        "precision": 0.16394416394416395,
        "recall": 0.6840148698884758,
        "f1": 0.2644944896981313,
        "flagged_rate": 0.3367,
        "base_rate": 0.0807,
        "lift_vs_base_rate": 2.0315261950949686,
        "tp": 552,
        "fp": 2815,
        "tn": 6378,
        "fn": 255,
        "specificity": 0.6937887523115414
      }
    },
    "xgboost": {
      "name": "xgboost",
      "roc_auc": 0.7430237246134828,
      "pr_auc": 0.23561382454239815,
      "precision": 0.210984230560087,
      "recall": 0.48079306071871125,
      "n_train": 40000,
      "n_test": 10000,
      "default_rate_train": 0.080725,
      "default_rate_test": 0.0807,
      "ranking": {
        "roc_auc": 0.7430237246134828,
        "pr_auc": 0.23561382454239815,
        "base_rate": 0.0807,
        "brier_score": 0.13323240078401488,
        "precision_at_top_1pct": 0.44,
        "lift_at_top_1pct": 5.452292441140025,
        "precision_at_top_5pct": 0.332,
        "lift_at_top_5pct": 4.114002478314746,
        "precision_at_top_10pct": 0.257,
        "lift_at_top_10pct": 3.184634448574969,
        "precision_at_top_20pct": 0.2035,
        "lift_at_top_20pct": 2.5216852540272616
      },
      "operating_point": {
        "threshold": 0.5030548253039488,
        "precision": 0.210984230560087,
        "recall": 0.48079306071871125,
        "f1": 0.29327286470143615,
        "flagged_rate": 0.1839,
        "base_rate": 0.0807,
        "lift_vs_base_rate": 2.6144266488238785,
        "tp": 388,
        "fp": 1451,
        "tn": 7742,
        "fn": 419,
        "specificity": 0.8421625149570325
      }
    }
  },
  "threshold_sweep": {
    "logistic_regression": [
      {
        "threshold": 0.1,
        "precision": 0.08373205741626795,
        "recall": 0.9975216852540273,
        "f1": 0.15449572977641302,
        "flagged_rate": 0.9614,
        "base_rate": 0.0807,
        "lift_vs_base_rate": 1.0375719630268643,
        "tp": 805,
        "fp": 8809,
        "tn": 384,
        "fn": 2,
        "specificity": 0.04177091265093005
      },
      {
        "threshold": 0.2,
        "precision": 0.09402948996857627,
        "recall": 0.9640644361833953,
        "f1": 0.17134676797709503,
        "flagged_rate": 0.8274,
        "base_rate": 0.0807,
        "lift_vs_base_rate": 1.1651733577270913,
        "tp": 778,
        "fp": 7496,
        "tn": 1697,
        "fn": 29,
        "specificity": 0.18459697595996954
      },
      {
        "threshold": 0.3,
        "precision": 0.11165196227563128,
        "recall": 0.909541511771995,
        "f1": 0.19888903942555208,
        "flagged_rate": 0.6574,
        "base_rate": 0.0807,
        "lift_vs_base_rate": 1.3835435226224446,
        "tp": 734,
        "fp": 5840,
        "tn": 3353,
        "fn": 73,
        "specificity": 0.3647340367671054
      },
      {
        "threshold": 0.4,
        "precision": 0.134224049331963,
        "recall": 0.8091697645600991,
        "f1": 0.23025387870239775,
        "flagged_rate": 0.4865,
        "base_rate": 0.0807,
        "lift_vs_base_rate": 1.6632472036178811,
        "tp": 653,
        "fp": 4212,
        "tn": 4981,
        "fn": 154,
        "specificity": 0.5418253018601109
      },
      {
        "threshold": 0.5,
        "precision": 0.16251100029334115,
        "recall": 0.6864931846344485,
        "f1": 0.26280834914611007,
        "flagged_rate": 0.3409,
        "base_rate": 0.0807,
        "lift_vs_base_rate": 2.013767042048837,
        "tp": 554,
        "fp": 2855,
        "tn": 6338,
        "fn": 253,
        "specificity": 0.6894376155770695
      },
      {
        "threshold": 0.6,
        "precision": 0.1896709323583181,
        "recall": 0.5142503097893433,
        "f1": 0.27712854757929883,
        "flagged_rate": 0.2188,
        "base_rate": 0.0807,
        "lift_vs_base_rate": 2.3503213427300884,
        "tp": 415,
        "fp": 1773,
        "tn": 7420,
        "fn": 392,
        "specificity": 0.8071358642445339
      },
      {
        "threshold": 0.7,
        "precision": 0.2508503401360544,
        "recall": 0.3655514250309789,
        "f1": 0.297528996469995,
        "flagged_rate": 0.1176,
        "base_rate": 0.0807,
        "lift_vs_base_rate": 3.108430484957304,
        "tp": 295,
        "fp": 881,
        "tn": 8312,
        "fn": 512,
        "specificity": 0.9041662134232569
      },
      {
        "threshold": 0.8,
        "precision": 0.2946236559139785,
        "recall": 0.1697645600991326,
        "f1": 0.21540880503144655,
        "flagged_rate": 0.0465,
        "base_rate": 0.0807,
        "lift_vs_base_rate": 3.650850754820056,
        "tp": 137,
        "fp": 328,
        "tn": 8865,
        "fn": 670,
        "specificity": 0.9643206787773306
      },
      {
        "threshold": 0.9,
        "precision": 0.3448275862068966,
        "recall": 0.024783147459727387,
        "f1": 0.046242774566473986,
        "flagged_rate": 0.0058,
        "base_rate": 0.0807,
        "lift_vs_base_rate": 4.272956458573688,
        "tp": 20,
        "fp": 38,
        "tn": 9155,
        "fn": 787,
        "specificity": 0.9958664201022517
      }
    ],
    "xgboost": [
      {
        "threshold": 0.1,
        "precision": 0.09945397815912636,
        "recall": 0.9479553903345725,
        "f1": 0.18002117896223085,
        "flagged_rate": 0.7692,
        "base_rate": 0.0807,
        "lift_vs_base_rate": 1.232391303087068,
        "tp": 765,
        "fp": 6927,
        "tn": 2266,
        "fn": 42,
        "specificity": 0.24649189600783206
      },
      {
        "threshold": 0.2,
        "precision": 0.12194244604316547,
        "recall": 0.8401486988847584,
        "f1": 0.21297314276739437,
        "flagged_rate": 0.556,
        "base_rate": 0.0807,
        "lift_vs_base_rate": 1.5110588109438101,
        "tp": 678,
        "fp": 4882,
        "tn": 4311,
        "fn": 129,
        "specificity": 0.46894376155770695
      },
      {
        "threshold": 0.3,
        "precision": 0.1455046331079389,
        "recall": 0.7199504337050805,
        "f1": 0.24208333333333334,
        "flagged_rate": 0.3993,
        "base_rate": 0.0807,
        "lift_vs_base_rate": 1.8030313891937908,
        "tp": 581,
        "fp": 3412,
        "tn": 5781,
        "fn": 226,
        "specificity": 0.6288480365495486
      },
      {
        "threshold": 0.4,
        "precision": 0.17313218390804597,
        "recall": 0.59727385377943,
        "f1": 0.2684489000278474,
        "flagged_rate": 0.2784,
        "base_rate": 0.0807,
        "lift_vs_base_rate": 2.145380221908872,
        "tp": 482,