{
  "production_model": "logistic_regression",
  "threshold": 0.4527449503890408,
  "threshold_info": {
    "threshold": 0.4527449503890408,
    "strategy": "youden",
    "youden_j": 0.4129834171366243,
    "f1": 0.2708018154311649,
    "precision": 0.16574074074074074,
    "recall": 0.7396694214876033
  },
  "sample_size": 30000,
  "n_rows_used": 30000,
  "n_features": 312,
  "multi_table": true,
  "base_rate_test": 0.08066666666666666,
  "models": {
    "logistic_regression": {
      "name": "logistic_regression",
      "roc_auc": 0.7591671710845684,
      "pr_auc": 0.22360443150445086,
      "precision": 0.16574074074074074,
      "recall": 0.7396694214876033,
      "n_train": 24000,
      "n_test": 6000,
      "default_rate_train": 0.08075,
      "default_rate_test": 0.08066666666666666,
      "ranking": {
        "roc_auc": 0.7591671710845684,
        "pr_auc": 0.22360443150445086,
        "base_rate": 0.08066666666666666,
        "brier_score": 0.18681315049338176,
        "precision_at_top_1pct": 0.26666666666666666,
        "lift_at_top_1pct": 3.3057851239669422,
        "precision_at_top_5pct": 0.3233333333333333,
        "lift_at_top_5pct": 4.008264462809917,
        "precision_at_top_10pct": 0.2633333333333333,
        "lift_at_top_10pct": 3.264462809917355,
        "precision_at_top_20pct": 0.21333333333333335,
        "lift_at_top_20pct": 2.644628099173554
      },
      "operating_point": {
        "threshold": 0.4527449503890408,
        "precision": 0.16574074074074074,
        "recall": 0.7396694214876033,
        "f1": 0.2708018154311649,
        "flagged_rate": 0.36,
        "base_rate": 0.08066666666666666,
        "lift_vs_base_rate": 2.054637281910009,
        "tp": 358,
        "fp": 1802,
        "tn": 3714,
        "fn": 126,
        "specificity": 0.6733139956490211
      }
    },
    "xgboost": {
      "name": "xgboost",
      "roc_auc": 0.751585545280746,
      "pr_auc": 0.22815249628279594,
      "precision": 0.23115577889447236,
      "recall": 0.38016528925619836,
      "n_train": 24000,
      "n_test": 6000,
      "default_rate_train": 0.08075,
      "default_rate_test": 0.08066666666666666,
      "ranking": {
        "roc_auc": 0.751585545280746,
        "pr_auc": 0.22815249628279594,
        "base_rate": 0.08066666666666666,
        "brier_score": 0.09942233589026656,
        "precision_at_top_1pct": 0.4166666666666667,
        "lift_at_top_1pct": 5.1652892561983474,
        "precision_at_top_5pct": 0.32666666666666666,
        "lift_at_top_5pct": 4.049586776859504,
        "precision_at_top_10pct": 0.26166666666666666,
        "lift_at_top_10pct": 3.243801652892562,
        "precision_at_top_20pct": 0.1925,
        "lift_at_top_20pct": 2.3863636363636367
      },
      "operating_point": {
        "threshold": 0.4527449503890408,
        "precision": 0.23115577889447236,
        "recall": 0.38016528925619836,
        "f1": 0.2875,
        "flagged_rate": 0.13266666666666665,
        "base_rate": 0.08066666666666666,
        "lift_vs_base_rate": 2.865567506956269,
        "tp": 184,
        "fp": 612,
        "tn": 4904,
        "fn": 300,
        "specificity": 0.889050036258158
      }
    }
  },
  "threshold_sweep": {
    "logistic_regression": [
      {
        "threshold": 0.1,
        "precision": 0.08824626865671642,
        "recall": 0.9772727272727273,
        "f1": 0.16187542778918548,
        "flagged_rate": 0.8933333333333333,
        "base_rate": 0.08066666666666666,
        "lift_vs_base_rate": 1.0939620081411128,
        "tp": 473,
        "fp": 4887,
        "tn": 629,
        "fn": 11,
        "specificity": 0.11403190717911531
      },
      {
        "threshold": 0.2,
        "precision": 0.10437398750289285,
        "recall": 0.9318181818181818,
        "f1": 0.18772112382934444,
        "flagged_rate": 0.7201666666666666,
        "base_rate": 0.08066666666666666,
        "lift_vs_base_rate": 1.2938924070606552,
        "tp": 451,
        "fp": 3870,
        "tn": 1646,
        "fn": 33,
        "specificity": 0.298404641044235
      },
      {
        "threshold": 0.3,
        "precision": 0.12372065021071643,
        "recall": 0.8491735537190083,
        "f1": 0.2159747766684183,
        "flagged_rate": 0.5536666666666666,
        "base_rate": 0.08066666666666666,
        "lift_vs_base_rate": 1.5337270687278897,
        "tp": 411,
        "fp": 2911,
        "tn": 2605,
        "fn": 73,
        "specificity": 0.47226250906453954
      },
      {
        "threshold": 0.4,
        "precision": 0.15063091482649843,
        "recall": 0.7892561983471075,
        "f1": 0.25298013245033113,
        "flagged_rate": 0.4226666666666667,
        "base_rate": 0.08066666666666666,
        "lift_vs_base_rate": 1.8673253904111375,
        "tp": 382,
        "fp": 2154,
        "tn": 3362,
        "fn": 102,
        "specificity": 0.6094996374184192
      },
      {
        "threshold": 0.5,
        "precision": 0.1775244299674267,
        "recall": 0.6756198347107438,
        "f1": 0.28116938950988823,
        "flagged_rate": 0.307,
        "base_rate": 0.08066666666666666,
        "lift_vs_base_rate": 2.200716073976364,
        "tp": 327,
        "fp": 1515,
        "tn": 4001,
        "fn": 157,
        "specificity": 0.7253444525018129
      },
      {
        "threshold": 0.6,
        "precision": 0.20917135961383748,
        "recall": 0.5371900826446281,
        "f1": 0.30110017371163866,
        "flagged_rate": 0.20716666666666667,
        "base_rate": 0.08066666666666666,
        "lift_vs_base_rate": 2.5930333836426134,
        "tp": 260,
        "fp": 983,
        "tn": 4533,
        "fn": 224,
        "specificity": 0.8217911530094271
      },
      {
        "threshold": 0.7,
        "precision": 0.24545454545454545,
        "recall": 0.390495867768595,
        "f1": 0.3014354066985646,
        "flagged_rate": 0.12833333333333333,
        "base_rate": 0.08066666666666666,
        "lift_vs_base_rate": 3.04282494365139,
        "tp": 189,
        "fp": 581,
        "tn": 4935,
        "fn": 295,
        "specificity": 0.8946700507614214
      },
      {
        "threshold": 0.8,
        "precision": 0.30831099195710454,
        "recall": 0.23760330578512398,
        "f1": 0.26837806301050177,
        "flagged_rate": 0.06216666666666667,
        "base_rate": 0.08066666666666666,
        "lift_vs_base_rate": 3.822037090377329,
        "tp": 115,
        "fp": 258,
        "tn": 5258,
        "fn": 369,
        "specificity": 0.9532269760696157
      },
      {
        "threshold": 0.9,
        "precision": 0.3,
        "recall": 0.06198347107438017,
        "f1": 0.10273972602739725,
        "flagged_rate": 0.016666666666666666,
        "base_rate": 0.08066666666666666,
        "lift_vs_base_rate": 3.71900826446281,
        "tp": 30,
        "fp": 70,
        "tn": 5446,
        "fn": 454,
        "specificity": 0.9873096446700508
      }
    ],
    "xgboost": [
      {
        "threshold": 0.1,
        "precision": 0.12158314350797267,
        "recall": 0.8822314049586777,
        "f1": 0.21371371371371373,
        "flagged_rate": 0.5853333333333334,
        "base_rate": 0.08066666666666666,
        "lift_vs_base_rate": 1.5072290517517273,
        "tp": 427,
        "fp": 3085,
        "tn": 2431,
        "fn": 57,
        "specificity": 0.44071791153009426
      },
      {
        "threshold": 0.2,
        "precision": 0.15199637023593465,
        "recall": 0.6921487603305785,
        "f1": 0.24925595238095238,
        "flagged_rate": 0.36733333333333335,
        "base_rate": 0.08066666666666666,
        "lift_vs_base_rate": 1.8842525235859668,
        "tp": 335,
        "fp": 1869,
        "tn": 3647,
        "fn": 149,
        "specificity": 0.6611675126903553
      },
      {
        "threshold": 0.3,
        "precision": 0.1874125874125874,
        "recall": 0.5537190082644629,
        "f1": 0.2800417972831766,
        "flagged_rate": 0.23833333333333334,